,0
0,Aberdeen_United Kingdom
1,Abidjan_Cote d'Ivoire
2,Abu Zaby_United Arab Emirates
3,Acajutla_El Salvador
4,Aden_Yemen
5,Agadir_Morocco
6,Ahus_Sweden
7,Ajman_United Arab Emirates
8,Akita-Funakawa Ko_Japan
9,Akureyri_Iceland
10,Al Ahmadi_Yemen
11,Al Aqabah_Jordan
12,Al Burayqah_Libya
13,Al Hamriyah LPG Terminal_United Arab Emirates
14,Al Iskandariyh (Alexandria)_Egypt
15,Al Jubayl_Saudi Arabia
16,Al Kuwayt_Kuwait
17,Al Ladhiqiyah_Syria
18,Al Mukalla_Yemen
19,Alborg_Denmark
20,Alesund_Norway
21,Algeciras_Spain
22,Alger_Algeria
23,Alicante_Spain
24,Almeria_Spain
25,Alotoa_Papua New Guinea
26,Altamira_Mexico
27,Alvika_Norway
28,Amamapare_Indonesia
29,Ambon_Indonesia
30,Ampenan_Indonesia
31,Amsterdam_Netherlands
32,Anchorage_U.S.A.
33,Ancona_Italy
34,Andres (Andres LGN Terminal)_Dominican Republic
35,Annaba_Algeria
36,Antalya_Turkey
37,Antisranana_Madagascar
38,Antofagasta_Chile
39,Antwerp_Belgium
40,Apia_Samoa
41,Apra Harbor_Guam
42,Aratu_Brazil
43,Argentia_Canada
44,Arhus_Denmark
45,Arrecife_Spain
46,Arzew El Djedid_Algeria
47,As Suways_Egypt
48,Ash Shariqah_United Arab Emirates
49,Ashdod_Israel
50,Auckland_New Zealand
51,Augusta_Italy
52,Aveiro_Portugal
53,Aviles_Spain
54,Avonmouth_United Kingdom
55,Bahai De La Habana_Cuba
56,Bahia De Las Minas_Panama
57,Bahia De Matarani_Peru
58,Bahia De Valparaiso_Chile
59,Bahia San Vicente_Chile
60,Baie Comeau_Canada
61,Balboa_Panama
62,Balikpapa_Indonesia
63,Baltimore_U.S.A.
64,Baltiysk_Russia
65,Bamdar-E Pars Terminal_Iran
66,Bamdar-E Shahid Reajie_Iran
67,Bandar Abbas_Iran
68,Bandar Khomeyni_Iran
69,Bandirma_Turkey
70,Banghazi_Libya
71,Bangkok_Thailand
72,Banjarmasin_Indonesia
73,Banjul_Gambia
74,Banten_Indonesia
75,Banzart_Tunisia
76,Bar_Montenegro
77,Barcelona_Spain
78,Bari_Italy
79,Barranquilla_Colombia
80,Basseterre_Saint Kitts and Nevis
81,Basuo_China
82,Bata_Equatorial Guinea
83,Batangas City_Philippines
84,Batumi_Georgia
85,Baubau_Indonesia
86,Bay City_U.S.A.
87,Bayonne_France
88,Bayrut_Lebanon
89,Bayuquan_China
90,Beaumont_U.S.A.
91,Bedyansk_Ukraine
92,Beihai_China
93,Beira_Mozambique
94,Bejaia_Algeria
95,Belawan_Indonesia
96,Belem_Brazil
97,Belfast_United Kingdom
98,Belize City_Belize
99,Bellingham_U.S.A.
100,Berbera_Somalia
101,Bergen_Norway
102,Big Creek_Belize
103,Bintulu Port_Malaysia
104,Bissau_Guinea-Bissau
105,Bitung_Indonesia
106,Bluff Harbor_New Zealand
107,Bohai Bay_China
108,Bontang LNG Terminal_Indonesia
109,Boosaaso_Somalia
110,Bordeaux_France
111,Boston_U.S.A.
112,Botany Bay_Australia
113,Botas_Turkey
114,Botas Natural Gas Terminal_Turkey
115,Brake_Germany
116,Bremen_Germany
117,Bremerhaven_Germany
118,Brevik_Norway
119,Bridgetown_Barbados
120,Brindisi_Italy
121,Brisbane_Australia
122,Brownsville_U.S.A.
123,Bruges_Belgium
124,Brunsbuttel Elbahafen_Germany
125,Buchanan_Liberia
126,Buco_Philippines
127,Buenaventura_Colombia
128,Buenos Aires_Argentina
129,Buka_Papua New Guinea
130,Bukhta Vanino_Russia
131,Bukhta nagayeva (Nagadan)_Russia
132,Bunbury_Australia
133,Bur Safago_Egypt
134,Bur Said (Port Said)_Egypt
135,Burgas_Bulgaria
136,Burns Harbor_U.S.A.
137,Bushehr_Iran
138,Cadiz_Spain
139,Cagatan De Oro_Philippines
140,Cagliari_Italy
141,Calabar_Nigeria
142,Calcutta_India
143,Calumet Harbor_U.S.A.
144,Campana_Argentina
145,Canaveral Harbor_U.S.A.
146,Cang Doosan Vina_Vietnam
147,Cap Haitien_Haiti
148,Cape Town_South Africa
149,Caracasbaai_Curacao
150,Cardiff_United Kingdom
151,Cartagena_Colombia
152,Cartagena_Spain
153,Casablanca_Morocco
154,Castries_Saint Lucia
155,Catania_Italy
156,Cayo Moa Grande_Cuba
157,Cebu_Philippines
158,Chan Bahar_Iran
159,Changshu_China
160,Changzhou_China
161,Chaozhou_China
162,Charleston_U.S.A.
163,Charlotte Amalie_U.S. Virgin Islands
164,Chennai (Madras)_India
165,Chester_U.S.A.
166,Chi-Lung_Taiwan
167,Chiba Ko_Japan
168,Chittagong_Bangladesh
169,Chiwan_China
170,Cirebon_Indonesia
171,Civitavecchia_Italy
172,Cleveland_U.S.A.
173,Coatzacoalcos_Mexico
174,Colombo_Sri Lanka
175,Colonia_Micronesia
176,Conakry_Guinea
177,Constanta_Romania
178,Corinto_Nicaragua
179,Cork_Ireland
180,Coronei_Chile
181,Corpus Christi_U.S.A.
182,Cotonou_Benin
183,Cueta_Spain
184,Cuxhaven_Germany
185,Da Nang_Vietnam
186,Daesan Hang_South Korea
187,Dahej_India
188,Dakar_Senegal
189,Dalian_China
190,Damietta_Egypt
191,Damman_Saudi Arabia
192,Dampier_Australia
193,Dandong_China
194,Dar Es Salaam_Tanzania
195,Darwin_Australia
196,Davao_Philippines
197,Degrad Des Cannes_French Guiana
198,Delfzijl_Netherlands
199,Derince Burnu_Turkey
200,Dhaka_Bangladesh
201,Dhamara Port_India
202,Dhekelia_Cyprus
203,Dili_Timor-Leste
204,Djen-Djen_Algeria
205,Djibouti_Djibouti
206,Donggala_Indonesia
207,Douala_Cameroon
208,Dover Harbor_United Kingdom
209,Drammen_Norway
210,Drogheda_Ireland
211,Dubayy_United Arab Emirates
212,Dublin_Ireland
213,Dudinka_Russia
214,Dumai_Indonesia
215,Dunkerque Port Ouest_France
216,Durban_South Africa
217,Durres_Albania
218,East London_South Africa
219,Eemshaven_Netherlands
220,El Grao_Spain
221,El Jorf Lasfar_Morocco
222,El-Adabiya_Egypt
223,Elevsis_Greece
224,Emden_Germany
225,Ende_Indonesia
226,Ensenada_Mexico
227,Eregli_Turkey
228,Esbjerg_Denmark
229,Eskifjordhur_Iceland
230,Esmeraldas_Ecuador
231,Esperance_Australia
232,Europa Point_Gibraltar
233,Everett_U.S.A.
234,Falkenberg_Sweden
235,Falmouth Harbour_United Kingdom
236,Famagusta_Turkey
237,Fang-Cheng_China
238,Faradofay_Madagascar
239,Felixstow_United Kingdom
240,Figueira Da Foz_Portugal
241,Flekkefjorden_Norway
242,Floro_Norway
243,Fort De France_Martinique
244,Fos_France
245,Foynes_Ireland
246,Fredericia_Denmark
247,Fredrikstad_Norway
248,Freeport_Bahamas
249,Freeport_U.S.A.
250,Freetown_Sierra Leone
251,Fremantle_Australia
252,Fujayrah Harbor_United Arab Emirates
253,Fukui Ko_Japan
254,Fukuyama_Japan
255,Funabashi_Japan
256,Funafuti Atoll_Tuvalu
257,Funchal_Portugal
258,Fushiki-Toyama_Japan
259,Fuzhou_China
260,Gabes_Tunisia
261,Galveston_U.S.A.
262,Gaogang_China
263,Garlston_United Kingdom
264,Gavle_Sweden
265,Gdansk_Poland
266,Gdynia_Poland
267,Gebig_Brazil
268,Geelong_Australia
269,Gemlik_Turkey
270,General Santos_Philippines
271,Genova_Italy
272,Georgetown_Cayman Islands
273,Georgetown_Guyana
274,Geraldton_Australia
275,Ghazaquet_Algeria
276,Ghent_Belgium
277,Gijon_Spain
278,Gioia Tauro_Italy
279,Gladstone_Australia
280,Golcuk Burnu_Turkey
281,Golfito_Costa Rica
282,Gorontalo_Indonesia
283,Goteborg_Sweden
284,Gourd Shanzui_China
285,Grand Haven_U.S.A.
286,Grangemouth_United Kingdom
287,Gravesend_United Kingdom
288,Green Bay_U.S.A.
289,Grenaa Havn_Denmark
290,Gresik_Indonesia
291,Guaiba Island Terminal_Brazil
292,Guangdong Yangjiang Port_China
293,Guangxi Beibu Gulf Port_China
294,Guangzhou_China
295,Guayaquil_Ecuador
296,Guaymas_Mexico
297,Gulfport_U.S.A.
298,Gwadar_Pakistan
299,Gwangyang Hang_South Korea
300,Hachinohe Ko_Japan
301,Hai Phong_Vietnam
302,Haifa_Israel
303,Haikou_China
304,Haimen_China
305,Hakata_Japan
306,Hakodate Ko_Japan
307,Haldia Port_India
308,Halifax_Canada
309,Halmstad_Sweden
310,Hamada Ko_Japan
311,Hamburg_Germany
312,Hamilton_Canada
313,Hamina_Finland
314,Hammerfest_Norway
315,Hankow_China
316,Harbor Yeweiju_China
317,Harlingen_Netherlands
318,Harmac_Canada
319,Haydarpasa_Turkey
320,Haypoint_Australia
321,Helsingborg_Sweden
322,Helsinki_Finland
323,Higashi-Harima_Japan
324,Himeji_Japan
325,Hiroshima_Japan
326,Hitachi_Japan
327,Hofu_Japan
328,Homikawa_Japan
329,Hon Gai_Vietnam
330,Hong Kong_Hong Kong
331,Honiara_Solomon Islands
332,Honolulu_U.S.A.
333,Horta_Portugal
334,Hososhima Ko_Japan
335,Houston_U.S.A.
336,Huelva_Spain
337,Huizhou_China
338,Ijmuiden_Netherlands
339,Illichivsk_Ukraine
340,Imabari Ko_Japan
341,Imbituba_Brazil
342,Immingham_United Kingdom
343,Inchon_South Korea
344,Indonesia Morowali Industrial Park_Indonesia
345,Ipswich_United Kingdom
346,Iquique_Chile
347,Iraklion_Greece
348,Ishikari Bay New Port_Japan
349,Iskenderun_Turkey
350,Istanbul_Turkey
351,Itajai_Brazil
352,Itaqui_Brazil
353,Iwakuni Ko_Japan
354,Izhevskoye_Russia
355,Izmir_Turkey
356,JSW Jaigad Port Limited_India
357,Jabal Az Zannah-Ruways_United Arab Emirates
358,Jacksonville_U.S.A.
359,Jakarta_Indonesia
360,Jayapura_Indonesia
361,Jiangyin_China
362,Jiddah_Saudi Arabia
363,Jinzhou Wan_China
364,Johor_Malaysia
365,Kaba Burnu_Turkey
366,Kagoshima Ko_Japan
367,Kakinada Bay_India
368,Kaliningrad_Russia
369,Kalundborg_Denmark
370,Kamaishi Ko_Japan
371,Kamarajar Port_India
372,Kampong Saom_Cambodia
373,Kamsar_Guinea
374,Kanazawa_Japan
375,Kanda_Japan
376,Kandla_India
377,Kao Hsiung_Taiwan
378,Karabiga_Turkey
379,Karachi_Pakistan
380,Karaikal Port_India
381,Kashima Ko_Japan
382,Kavala_Greece
383,Kavieng Harbor_Papua New Guinea
384,Kawasaki Ko_Japan
385,Kemi_Finland
386,Kendari_Indonesia
387,Khawr Fakkan_United Arab Emirates
388,Khoms_Libya
389,Khorramshahr_Iran
390,Kiel_Germany
391,Kieta_Papua New Guinea
392,Kikuma Ko_Japan
393,Kimbe_Papua New Guinea
394,King Fahd Port_Saudi Arabia
395,Kingston_Jamaica
396,Kingston Upon Hull_United Kingdom
397,Kingstown_Saint Vincent and the Grenadines
398,Kinuura Ko_Japan
399,Kisarazu Ko_Japan
400,Klaipeda_Lithuania
401,Kobe_Japan
402,Kobenhavn_Denmark
403,Kochi (Chochin)_India
404,Kochi Ko_Japan
405,Kokkala_Finland
406,Komatsushima_Japan
407,Koper_Slovenia
408,Korsakov_Russia
409,Kota Kinabalu_Malaysia
410,Kotka_Finland
411,Krishnapatnam Port_India
412,Kristiansand_Norway
413,Kristiansund_Norway
414,Kuantan New Port_Malaysia
415,Kuching_Malaysia
416,Kunsan_South Korea
417,Kupang_Indonesia
418,Kure_Japan
419,Kushiro Ko_Japan
420,Kwajalein_Marshall Islands
421,La Baie (Port Alfred)_Canada
422,La Coruna_Spain
423,La Guaira_Venezuela
424,La Pallice_France
425,La Plata_Argentina
426,La Spezia_Italy
427,Laayoune_Western Sahara
428,Lae_Papua New Guinea
429,Lagos_Nigeria
430,Lahad Datu_Malaysia
431,Lake Charles_U.S.A.
432,Lakselv_Norway
433,Lanqiao Port_China
434,Larnaca_Cyprus
435,Larvik_Norway
436,Las Palmas_Spain
437,Lautoka Harbor_Fiji
438,Lazaro Cardenas_Mexico
439,Le Legue_France
440,Leith_United Kingdom
441,Lele Harbor_Micronesia
442,Les Sables D' Olonne_France
443,Lianyungang_China
444,Limassol_Cyprus
445,Limetree Bay_U.S. Virgin Islands
446,Lingkas_Indonesia
447,Lirquen_Chile
448,Lisboa_Portugal
449,Liverpool_United Kingdom
450,Livorno_Italy
451,Lobito_Angola
452,Lome_Toga
453,London_United Kingdom
454,London Gateway_United Kingdom
455,Londonderry_United Kingdom
456,Longkou Gang_China
457,Longyan Port_China
458,Los Angeles_U.S.A.
459,Luanda_Angola
460,Luba_Equatorial Guinea
461,Lubeck-Travemunde_Germany
462,Luderitz Bay_Namibia
463,Luganville_Vanuatu
464,Lumut_Malaysia
465,Macau_Macau
466,Madang_Papua New Guinea
467,Magam Ruhunupura Mahinda Rajapaksa Port_Sri Lanka
468,Magdalla_India
469,Mahajanga_Madagascar
470,Mailiao_Taiwan
471,Maizuro Ko_Japan
472,Majuro Atoll_Marshall Islands
473,Malabo_Equatorial Guinea
474,Malaga_Spain
475,Malakal Harbor_Palau
476,Male_Maldives
477,Maloy_Norway
478,Manaus_Brazil
479,Manila_Philippines
480,Manokwari Road_Indonesia
481,Manta_Ecuador
482,Mantyluoto_Finland
483,Manzanillo_Mexico
484,Manzanillo_Panama
485,Map Ta Phut_Thailand
486,Maputo_Mozambique
487,Maracaibo_Venezuela
488,Mariel_Cuba
489,Marin_Spain
490,Marina Di Carrara_Italy
491,Mariupol_Ukraine
492,Marmagao_India
493,Marsaxlokk_Malta
494,Marseille_France
495,Masan_South Korea
496,Masao_Philippines
497,Matadi_Democratic Republic of the Congo
498,Matsusaka_Japan
499,Matsuyama_Japan
500,Matthew Town_Bahamas
501,Maumere_Indonesia
502,Mazatlan_Mexico
503,Medway_United Kingdom
504,Mejillones_Chile
505,Melbourne_Australia
506,Menominee_U.S.A.
507,Merak Mas Terminal_Indonesia
508,Merauke_Indonesia
509,Mersa Sfax_Tunisia
510,Mersa Tobruq_Libya
511,Mersin_Turkey
512,Miami_U.S.A.
513,Midia_Romania
514,Mikawa_Japan
515,Milazzo_Italy
516,Milwaukee_U.S.A.
517,Mina Al Ahmadi_Kuwait
518,Mina Jabal Ali_United Arab Emirates
519,Mina Raysut_Oman
520,Mina Saqr_United Arab Emirates
521,Mina Tarabulus (Tripoli)_Libya
522,Mishima-Kawanoe Ko_Japan
523,Misratah_Libya
524,Mitsiwa Harbor_Eritrea
525,Mizushima Ko_Japan
526,Mo Inlet_Norway
527,Mobile_U.S.A.
528,Moen_Micronesia
529,Mohammedia_Morocco
530,Mombasa_Kenya
531,Monfalcone_Italy
532,Mongla_Bangladesh
533,Monopoli_Italy
534,Monrovia_Liberia
535,Montego Bay_Jamaica
536,Montevideo_Uruguay
537,Montoir_France
538,Montreal_Canada
539,Morehead City_U.S.A.
540,Moroni_Comoros
541,Moss_Sweden
542,Mostaganem_Algeria
543,Motril_Spain
544,Moutsamoudu_Comoros
545,Muara Harbor_Brunei
546,Muhamamad Bin Qasim_Pakistan
547,Mumbai (bonbay)_India
548,Mundra_India
549,Muqdisho_Somalia
550,Murmansk_Russia
551,Muroran Ko_Japan
552,Muuga-Port of Talinn_Estonia
553,Mykolayiv_Ukraine
554,Nacala_Mozambique
555,Nagasaki_Japan
556,Nagoya Ko_Japan
557,Nakhodka_Russia
558,Namibe_Angola
559,Nanao Ko_Japan
560,Nantes_France
561,Nantong_China
562,Naoetsu Ko_Japan
563,Napier_New Zealand
564,Napoli_Italy
565,Nassau_Bahamas
566,Natal_Brazil
567,Nelson_New Zealand
568,Nemrut Limani Bay_Turkey
569,New Mangalore_India
570,New Orleans_U.S.A.
571,New Plymouth_New Zealand
572,New Westminster_Canada
573,New York-New Jersey_U.S.A.
574,Newcastle_Australia
575,Newport_United Kingdom
576,Newport News_U.S.A.
577,Nghe Tinh_Vietnam
578,Niigata Ko_Japan
579,Niihama_Japan
580,Ningbo_China
581,Norfolk_U.S.A.
582,Norrkoping_Sweden
583,North Ain Sukhna Port_Egypt
584,Nouadhibou_Mauritania
585,Nouakchott_Mauritania
586,Noumea_New Caledonia
587,Novorossiysk_Russia
588,Nuevitas Bay_Cuba
589,Nuku Alofa_Tonga
590,Oakland_U.S.A.
591,Odense_Denmark
592,Odesa_Ukraine
593,Ofunato_Japan
594,Oil terminal Agioi_Greece
595,Oita Ko_Japan
596,Olbia_Italy
597,Onahama Ko_Japan
598,Onne_Nigeria
599,Onomichi-Itozaki_Japan
600,Oostende_Belgium
601,Oran_Algeria
602,Oro Bay_Papua New Guinea
603,Ortona_Italy
604,Osaka_Japan
605,Oslo_Norway
606,Otago_New Zealand
607,Otaru Ko_Japan
608,Oulo_Finland
609,Oxelosund_Sweden
610,PLTU Semen Tonasa_Indonesia
611,Paarden Baai - (Orangestad)_Aruba
612,Pago Pago Harbor_American Samoa
613,Paita_Peru
614,Palembang_Indonesia
615,Palm Beach_U.S.A.
616,Palmeira_Cape Verde
617,Panjang_Indonesia
618,Papeete_French Polynesia
619,Paradip_India
620,Paramarico_Suriname
621,Paranagua_Brazil
622,Pascagoula_U.S.A.
623,Patrai_Greece
624,Payra_Bangladesh
625,Pelabuhan Sansakan_Malaysia
626,Pelabuhan Tanjung Wangi_Indonesia
627,Pemba_Mozambique
628,Penglai_China
629,Pepillo Salcedo_Dominican Republic
630,Petrapavlovsk_Russia
631,Philadelphia_U.S.A.
632,Phillipsburg_Sint Maarten
633,Phu My_Vietnam
634,Phuket_Thailand
635,Pipavav Bandar_India
636,Piraievs_Greece
637,Pitea_Sweden
638,Ploce_Croatia
639,Pohang_South Korea
640,Point Lisa Port_Trinidad and Tobago
641,Point Noire_Republic of Congo
642,Point Richmond_U.S.A.
643,Pointe A Pitre_Guadeloupe
644,Ponta Delgada_Portugal
645,Pontianak_Indonesia
646,Pornpei Harbor_Micronesia
647,Porsgrunn_Norway
648,Port Adelaide_Australia
649,Port Alma_Australia
650,Port Angeles_Canada
651,Port Aransas_U.S.A.
652,Port Arthur_U.S.A.
653,Port Au Prince_Haiti
654,Port Bayside NB_Canada
655,Port Dalrymple_Australia
656,Port De Caen_France
657,Port De Kribi_Cameroon
658,Port De Salvador_Brazil
659,Port Dover_Canada
660,Port Elizabeth_South Africa
661,Port Est_Reunion
662,Port Everglades_U.S.A.
663,Port Gentil_Gabon
664,Port Harcourt_Nigeria
665,Port Hedland_Australia
666,Port Hueneme_U.S.A.
667,Port Jerome_France
668,Port Kembla_Australia
669,Port Klang_Malaysia
670,Port Lavaca_U.S.A.
671,Port Louis_Mauritius
672,Port Lyttelton_New Zealand
673,Port Manatee_U.S.A.
674,Port Methanier_Algeria
675,Port Moresby_Papua New Guinea
676,Port Nador_Morocco
677,Port Noro_Solomon Islands
678,Port Owendo_Gabon
679,Port Saint Louis Du Rhone_France
680,Port Sudan_Sudan
681,Port Vila_Vanuatu
682,Port Walcott_Australia
683,Port de Longoni_Mayotte
684,Port of Duqm_Oman
685,Port of Le Havre_France
686,Port of Rouen_France
687,Port of Sohar_Oman
688,Port of Spain_Trinidad and Tobago
689,Port-La-Nouvelle_France
690,Portland_Australia
691,Portland_U.S.A.
692,Portland Harbour_United Kingdom
693,"Portland, ME_U.S.A."
694,Portmouth_U.S.A.
695,Porto Da Praia_Cape Verde
696,Porto De Leizoes_Portugal
697,Porto De Mucuripe_Brazil
698,Porto De Suape_Brazil
699,Porto Di Chioggia_Italy
700,Porto Di Corsini_Italy
701,Porto Di Lido-Venezia_Italy
702,Porto Di Malamocco_Italy
703,Porto Di Palermo_Italy
704,Porto Grande_Cape Verde
705,Porto Pecem_Brazil
706,Portovecchio Di Piombino_Italy
707,Portsmouth Harbour_United Kingdom
708,Poti_Georgia
709,Praia De Vitoria_Portugal
710,Prince Rupert_U.S.A.
711,Progreso_Mexico
712,Puerto Bolivar_Colombia
713,Puerto Bolivar_Ecuador
714,Puerto Cabello_Venezuela
715,Puerto Caldera_Costa Rica
716,Puerto Castilla_Honduras
717,Puerto Colon_Panama
718,Puerto Cortes_Honduras
719,Puerto Cristobal_Panama
720,Puerto De Bilbao_Spain
721,Puerto De Carboneras_Spain
722,Puerto De Garrucha_Spain
723,Puerto De Haina_Dominican Republic
724,Puerto De Hencan_Honduras
725,Puerto De Pasajes_Spain
726,Puerto Del Callao_Peru
727,Puerto Del Rosario_Spain
728,Puerto Ilo_Peru
729,Puerto Ingeniero White_Argentina
730,Puerto Madryn_Argentina
731,Puerto Moin_Costa Rica
732,Puerto Montt_Chile
733,Puerto Plata_Dominican Republic
734,Puerto Quetzal_Guatemala
735,Puerto San Antonio_Chile
736,Puerto San Martin_Argentina
737,Pulau Baai_Indonesia
738,Pulau Pinang_Malaysia
739,Pusan_South Korea
740,Put Put_Papua New Guinea
741,Pyeongtaek Hang_South Korea
742,Qalhat LNG Terminal_Oman
743,Qingdao Gang_China
744,Qingdao Port_China
745,Qingzhou_China
746,Qinhuangdao_China
747,Qiwei_China
748,Quanzhou_China
749,Quebec_Canada
750,Qui Nhon_Vietnam
751,Rabaul_Papua New Guinea
752,Rabigh_Saudi Arabia
753,Rada De Arica_Chile
754,Rada Di vado_Italy
755,Rade De Brest_France
756,Rangoon_Myanmar
757,Ras Laffan_Qatar
758,Ras Tannurah_Saudi Arabia
759,Rauma_Finland
760,Reka Luga_Russia
761,Reykjavik_Iceland
762,Richards Bay_South Africa
763,Riga_Latvia
764,Rijeka Luka_Croatia
765,Rio De Janeiro_Brazil
766,Rio Grande_Brazil
767,Rizhao_China
768,Rosario_Argentina
769,Roseau_Dominica
770,Rostock_Germany
771,Rostov-Na-Donu_Russia
772,Rotterdam_Netherlands
773,Rouge River_U.S.A.
774,Ruwais Port_Qatar
775,Safi_Morocco
776,Saganoseki Ko_Japan
777,Sagunto_Spain
778,Saint-Marc_Haiti
779,Saipan_Northern Mariana Islands
780,Sakai Ko_Japan
781,Sakai-Senboku_Japan
782,Sakata Ko_Japan
783,Sal Rei_Cape Verde
784,Salerno_Italy
785,Salina Cruz_Mexico
786,Samarinda_Indonesia
787,Sampit_Indonesia
788,Samsun_Turkey
789,San Diego_U.S.A.
790,San Fransisco_U.S.A.
791,San Giogrio_Italy
792,San Juan_Puerto Rico
793,San Miguel De Cozumel_Mexico
794,San Nicolas_Argentina
795,San Pedro_Cote d'Ivoire
796,San Pedro De Macoris_Dominican Republic
797,Sandusky_U.S.A.
798,Sankt-Peterburg_Russia
799,Sanshandaocun_China
800,Santa Cruz De La Palma_Spain
801,Santa Cruz De Tenerife_Spain
802,Santa Maria_Colombia
803,Santander_Spain
804,Santiago De Cuba_Cuba
805,Santo Thomas De Castilla_Guatemala
806,Santos_Brazil
807,Sao Francisco_Brazil
808,Sao Sebastiao_Brazil
809,Sapangar Bay_Malaysia
810,Sarnia_Canada
811,Sassnitz_Germany
812,Sauda_Norway
813,Savannah_U.S.A.
814,Savonia_Italy
815,Sawakin Harbor_Sudan
816,Searsport_U.S.A.
817,Seattle_U.S.A.
818,Sekupang_Indonesia
819,Semarang_Indonesia
820,Sendai-Shiogama_Japan
821,Sept Iles_Canada
822,Serangoon Harbor_Singapore
823,Sete_France
824,Setubal_Portugal
825,Sevilla_Spain
826,Shan T Ou_China
827,Shanghai_China
828,Shekou_China
829,Shibushi Wan_Japan
830,Shidao Newport_China
831,Shijing Longxiang_China
832,Shimizu Ko_Japan
833,Shougang Jingtang_China
834,Shui Dong_China
835,Si Racha_Thailand
836,Sibolga_Indonesia
837,Sines_Portugal
838,Singapore_Singapore
839,Sitrah_Bahrain
840,Skagen Havn_Denmark
841,Skelleftehamn_Sweden
842,Sodertalje_Sweden
843,Solvesborg_Sweden
844,Songkhla Harbor_Thailand
845,Soudha_Greece
846,Sousse_Tunisia
847,South Louisiana_U.S.A.
848,Southampton_United Kingdom
849,Soyo Angola LNG Terminal_Angola
850,Split_Croatia
851,St John_Canada
852,St John's_Canada
853,St Johns_Antigua and Barbuda
854,St. George's_Grenada
855,Stagen_Indonesia
856,Stavanger_Norway
857,Stenungsund_Sweden
858,Stockholm_Sweden
859,Stockton_U.S.A.
860,Stora Jatterson_Sweden
861,Subio Bay_Philippines
862,Sundaomen Wuz_China
863,Sunderland_United Kingdom
864,Sundsvall_Sweden
865,Superior_U.S.A.
866,Surabaya_Indonesia
867,Susaki Ko_Japan
868,Suva Harbor_Fiji
869,Swinoujscie_Poland
870,Szczecin_Poland
871,Tachibana_Japan
872,Tacoma_U.S.A.
873,Taganrog_Russia
874,Tagonoura Ko_Japan
875,Tai-Chung Kang_Taiwan
876,Taicang_China
877,Takamatsu_Japan
878,Takoradi_Ghana
879,Talinn_Estonia
880,Tampa_U.S.A.
881,Tampico_Mexico
882,Tan-Shui_Taiwan
883,Tananger_Norway
884,Tangier-Mediterranean_Morocco
885,Tangshan (Jingtang)_China
886,Tanjung Benete_Indonesia
887,Tanjung Pelepas_Malaysia
888,Tanjung Sangata_Indonesia
889,Tanjungredeb_Indonesia
890,Tanjunguban_Indonesia
891,Tarabulus_Lebanon
892,Taranto_Italy
893,Tarawa Atoll_Kiribati
894,Tarragona_Spain
895,Tauranga_New Zealand
896,Teesport_United Kingdom
897,Tekirdag_Turkey
898,Teluk Bayur_Indonesia
899,Tema_Ghana
900,Temryuk_Russia
901,Terneuzen_Netherlands
902,Tg Mani_Malaysia
903,Tg. Sorong_Indonesia
904,Thamesport_United Kingdom
905,Thamshamm_Norway
906,Thanh Ho Chi Minh_Vietnam
907,Thessaloniki_Greece
908,Thunder Bay_Canada
909,Tianjin Xin Gang_China
910,Tilbury_United Kingdom
911,Timaru_New Zealand
912,Toamasina_Madagascar
913,Tokuyama_Japan
914,Tokyo Ko_Japan
915,Toledo_U.S.A.
916,Tomakomai Ko_Japan
917,Tonghae_South Korea
918,Torina_Finland
919,Toros Gubre_Turkey
920,Townsville_Australia
921,Trabzon_Turkey
922,Trelleborg_Sweden
923,Trieste_Italy
924,Trois Rivieres_Canada
925,Tromso_Norway
926,Tsuruga Ko_Japan
927,Tuapse_Russia
928,Tuban_Indonesia
929,Tubarao_Brazil
930,Tunis_Tunisia
931,Tuticorin_India
932,Tuxpan_Mexico
933,Tynemouth_United Kingdom
934,Ube Ko_Japan
935,Ujung Pandang_Indonesia
936,Ulsan_South Korea
937,Umea Hamn_Sweden
938,Umm Al Qaywayn_United Arab Emirates
939,Umm Qasr_Iraq
940,Umm Said_Qatar
941,Valencia_Spain
942,Valletta Harbors_Malta
943,Vancouver_Canada
944,Vancouver_U.S.A.
945,Varberg_Sweden
946,Varna_Bulgaria
947,Ventspils_Latvia
948,Veracruz_Mexico
949,Victoria_Malaysia
950,Victoria_Seychelles
951,Vigo_Spain
952,Villagarcia De Arosa_Spain
953,Vishakhapatnam_India
954,Vitoria_Brazil
955,Vladivostok_Russia
956,Vlissingen_Netherlands
957,Voh_New Caledonia
958,Volos_Greece
959,Vostochnyy_Russia
960,Vyborg_Russia
961,Wakamatsu Ko_Japan
962,Wakayama-Shimotsu Ko_Japan
963,Walvis Bay_Namibia
964,Warren Point_Ireland
965,Warri_Nigeria
966,Waterford_Ireland
967,Weifang Port_China
968,Weihai_China
969,Wellington_New Zealand
970,Wenzhou_China
971,Wewak Harbor_Papua New Guinea
972,Whangerei_New Zealand
973,Whyalla_Australia
974,Wilhelmshaven_Germany
975,Willemstad_Curacao
976,"Wilmington, DE_U.S.A."
977,"Wilmington, NC_U.S.A."
978,Wismar_Germany
979,Xiagong_China
980,Xiamen_China
981,Xiuyu_China
982,Yakacik_Turkey
983,Yanbu_Saudi Arabia
984,Yangpu_China
985,Yantai_China
986,Yatsushiro Ko_Japan
987,Yeysk_Russia
988,Yiantian_China
989,Yingkou_China
990,Yokkaichi_Japan
991,Yokohama Ko_Japan
992,Yokosuka Ko_Japan
993,Yuzhnyy_Ukraine
994,Zamboanga_Philippines
995,Zanzibar_Tanzania
996,Zarate_Argentina
997,Zarzis_Tunisia
998,Zeebrugge_Belgium
999,Zhangjiangang_China
1000,Zhanjiang_China
1001,Zhapu_China
1002,Zhouliwang_China
1003,Zhoushan_China
1004,Zonguldak_Turkey
1005,rada Punta Arenas_Chile
